{
    "All_US_400D": {
        "pearson": [
            0.6732361654875284,
            0.0
        ],
        "spearman": [
            0.687404061712768,
            0.0
        ],
        "oov_ratio": 0.0,
        "subset evaluation": {
            "rho": 0.6949732393256691,
            "p": 1.6372879312545518e-243
        }
    },
    "Obama1_DEM_400D": {
        "pearson": [
            0.0958545146080948,
            3.8152463554426307e-05
        ],
        "spearman": [
            0.14948189508807425,
            1.1641277029770766e-10
        ],
        "oov_ratio": 38.666666666666664,
        "subset evaluation": {
            "rho": 0.17122526167312616,
            "p": 1.4647747565404173e-12
        }
    },
    "Obama1_REP_400D": {
        "pearson": [
            0.08732823884141322,
            0.00024145131173830583
        ],
        "spearman": [
            0.16354508136567789,
            4.8932202365581775e-12
        ],
        "oov_ratio": 41.233333333333334,
        "subset evaluation": {
            "rho": 0.16962064446309102,
            "p": 2.3751345417106837e-12
        }
    },
    "Obama2_DEM_400D": {
        "pearson": [
            0.5179291029925548,
            1.0691118888605008e-203
        ],
        "spearman": [
            0.530937863553383,
            7.57187402658511e-216
        ],
        "oov_ratio": 0.9333333333333335,
        "subset evaluation": {
            "rho": 0.6343683254171733,
            "p": 1.6200095927951734e-190
        }
    },
    "Obama2_REP_400D": {
        "pearson": [
            0.6148996972025432,
            1.444928523087e-311
        ],
        "spearman": [
            0.626784455439049,
            0.0
        ],
        "oov_ratio": 0.0,
        "subset evaluation": {
            "rho": 0.6998590934139937,
            "p": 2.2851623614575186e-248
        }
    },
    "Trump_DEM_400D": {
        "pearson": [
            0.5160643796491522,
            6.098308765326746e-203
        ],
        "spearman": [
            0.5260348533434107,
            3.426987945258166e-212
        ],
        "oov_ratio": 0.46666666666666673,
        "subset evaluation": {
            "rho": 0.6375213899849279,
            "p": 5.559555891878015e-193
        }
    },
    "Trump_REP_400D": {
        "pearson": [
            0.6898895727610536,
            0.0
        ],
        "spearman": [
            0.7040607193206959,
            0.0
        ],
        "oov_ratio": 0.0,
        "subset evaluation": {
            "rho": 0.7279849456711847,
            "p": 2.3027741586025366e-278
        }
    },
    "number of common pairs": 1686
}